{
    "col": [
        {
            "v": [
              "Mercury", "Venus", "Earth", "Moon", "Mars", "Jupiter", "Saturn", "Uranus", "Neptune", "Pluto"
            ],
            "col": {
                "category": "ccDIMENSION",
                "id": "name",
                "label": "Name",
                "format": "string"
            }
        },
        {
            "v": [
              "0.330", "4.87", "5.97", "0.073", "0.642", "1898", "568", "86.8", "102", "0.0146"
            ],
            "col": {
                "category": "ccMEASURE",
                "id": "mass",
                "format": "number",
                "label": "Mass (10^24kg)"
            }
        },
        {
            "v": [
              "4879", "12,104", "12,756", "3475", "6792", "142,984", "120,536", "51,118", "49,528", "2370"
            ],
            "col": {
                "category": "ccMEASURE",
                "id": "diameter",
                "format": "integer",
                "label": "Diameter (km)"
            }
        },
        {
            "v": [
              "5427", "5243", "5514", "3340", "3933", "1326", "687", "1271", "1638", "2095"
            ],
            "col": {
                "category": "ccMEASURE",
                "id": "density",
                "format": "integer",
                "label": "Density (kg/m^3)"
            }
        },
        {
            "v": [
              "3.7", "8.9", "9.8", "1.6", "3.7", "23.1", "9.0", "8.7", "11.0", "0.7"
            ],
            "col": {
                "category": "ccMEASURE",
                "id": "gravity",
                "format": "number",
                "label": "Gravity (m/s^2)"
            }
        },
        {
            "v": [
              "167", "464", "15", "-20", "-65", "-110", "-140", "-195", "-200", "-225"
            ],
            "col": {
                "category": "ccMEASURE",
                "id": "temperature",
                "format": "integer",
                "label": "Mean Temperature (C)"
            }
        }
    ]
}
